<?xml version="1.0" encoding="utf-8"?>
<Solution xmlns="http://schemas.microsoft.com/sharepoint/" SolutionId="1b23890d-a193-49e3-8c79-7232ec8bbd44" SharePointProductVersion="14.0">
  <Assemblies>
    <Assembly Location="PortfolioTracker.dll" DeploymentTarget="GlobalAssemblyCache" />
  </Assemblies>
  <TemplateFiles>
    <TemplateFile Location="Layouts\PortfolioTracker\ExcelFiles\DefectList.xlsx" />
    <TemplateFile Location="Layouts\PortfolioTracker\ExcelFiles\EffortList.xlsx" />
    <TemplateFile Location="Layouts\PortfolioTracker\js\jquery-1.10.2.min.map" />
    <TemplateFile Location="Layouts\PortfolioTracker\masterPages\MasterPage1.master" />
    <TemplateFile Location="Layouts\PortfolioTracker\images\1.jpg" />
    <TemplateFile Location="Layouts\PortfolioTracker\images\2.png" />
    <TemplateFile Location="Layouts\PortfolioTracker\images\3.png" />
    <TemplateFile Location="Layouts\PortfolioTracker\images\4.png" />
    <TemplateFile Location="Layouts\PortfolioTracker\images\5.png" />
    <TemplateFile Location="Layouts\PortfolioTracker\images\6.png" />
    <TemplateFile Location="Layouts\PortfolioTracker\images\7.png" />
    <TemplateFile Location="Layouts\PortfolioTracker\images\8.jpg" />
    <TemplateFile Location="Layouts\PortfolioTracker\images\BulkUpload.png" />
    <TemplateFile Location="Layouts\PortfolioTracker\images\bulkupload2.png" />
    <TemplateFile Location="Layouts\PortfolioTracker\images\DefectTrackerImg.jpg" />
    <TemplateFile Location="Layouts\PortfolioTracker\images\download1.png" />
    <TemplateFile Location="Layouts\PortfolioTracker\images\download2.png" />
    <TemplateFile Location="Layouts\PortfolioTracker\images\download3.png" />
    <TemplateFile Location="Layouts\PortfolioTracker\images\EffortTracker.jpg" />
    <TemplateFile Location="Layouts\PortfolioTracker\images\icon.png" />
    <TemplateFile Location="Layouts\PortfolioTracker\images\LoginPageImage.jpg" />
    <TemplateFile Location="Layouts\PortfolioTracker\images\logout.png" />
    <TemplateFile Location="Layouts\PortfolioTracker\images\PortfolioTracker.jpg" />
    <TemplateFile Location="Layouts\PortfolioTracker\images\pw.PNG" />
    <TemplateFile Location="Layouts\PortfolioTracker\images\tcslogo.png" />
    <TemplateFile Location="Layouts\PortfolioTracker\images\tcs.png" />
    <TemplateFile Location="Layouts\PortfolioTracker\images\tcs123.jpg" />
    <TemplateFile Location="Layouts\PortfolioTracker\js\bootstrap-datetimepicker.js" />
    <TemplateFile Location="Layouts\PortfolioTracker\js\bootstrap.js" />
    <TemplateFile Location="Layouts\PortfolioTracker\js\bootstrap.min.js" />
    <TemplateFile Location="Layouts\PortfolioTracker\js\bootstrapNew.min.js" />
    <TemplateFile Location="Layouts\PortfolioTracker\js\chosen.jquery.min.js" />
    <TemplateFile Location="Layouts\PortfolioTracker\js\common.js" />
    <TemplateFile Location="Layouts\PortfolioTracker\js\Defect.js" />
    <TemplateFile Location="Layouts\PortfolioTracker\js\demandtracker.js" />
    <TemplateFile Location="Layouts\PortfolioTracker\js\EffortsClassification.js" />
    <TemplateFile Location="Layouts\PortfolioTracker\js\highChartModules.js" />
    <TemplateFile Location="Layouts\PortfolioTracker\js\highcharts-3d.js" />
    <TemplateFile Location="Layouts\PortfolioTracker\js\highCharts.js" />
    <TemplateFile Location="Layouts\PortfolioTracker\js\highChartsDrilldown.js" />
    <TemplateFile Location="Layouts\PortfolioTracker\js\index.js" />
    <TemplateFile Location="Layouts\PortfolioTracker\js\jquery-1.10.2.intellisense.js" />
    <TemplateFile Location="Layouts\PortfolioTracker\js\jquery-1.10.2.js" />
    <TemplateFile Location="Layouts\PortfolioTracker\js\jquery-1.10.2.min.js" />
    <TemplateFile Location="Layouts\PortfolioTracker\js\jquery.min.js" />
    <TemplateFile Location="Layouts\PortfolioTracker\js\json2.js" />
    <TemplateFile Location="Layouts\PortfolioTracker\js\modernizr-2.6.2.js" />
    <TemplateFile Location="Layouts\PortfolioTracker\js\prefixfree.min.js" />
    <TemplateFile Location="Layouts\PortfolioTracker\js\respond.js" />
    <TemplateFile Location="Layouts\PortfolioTracker\js\respond.min.js" />
    <TemplateFile Location="Layouts\PortfolioTracker\js\_references.js" />
    <TemplateFile Location="Layouts\PortfolioTracker\pages\BulkUpload.aspx" />
    <TemplateFile Location="Layouts\PortfolioTracker\pages\DefectInfo.aspx" />
    <TemplateFile Location="Layouts\PortfolioTracker\pages\DefectTracker.aspx" />
    <TemplateFile Location="Layouts\PortfolioTracker\pages\DemandTracker.aspx" />
    <TemplateFile Location="Layouts\PortfolioTracker\pages\EffortsManagement.aspx" />
    <TemplateFile Location="Layouts\PortfolioTracker\pages\ErrorPage.aspx" />
    <TemplateFile Location="Layouts\PortfolioTracker\pages\HomePage.aspx" />
    <TemplateFile Location="Layouts\PortfolioTracker\pages\LogOut.aspx" />
    <TemplateFile Location="Layouts\PortfolioTracker\pages\SiteLoginPage.aspx" />
    <TemplateFile Location="Layouts\PortfolioTracker\pages\TestPAGE.aspx" />
    <TemplateFile Location="Layouts\PortfolioTracker\pages\UploadDefectAnalysis.aspx" />
    <TemplateFile Location="Layouts\PortfolioTracker\style\bootstrap-datetimepicker.css" />
    <TemplateFile Location="Layouts\PortfolioTracker\style\bootstrap.css" />
    <TemplateFile Location="Layouts\PortfolioTracker\style\chosen.min.css" />
    <TemplateFile Location="Layouts\PortfolioTracker\style\common.css" />
    <TemplateFile Location="Layouts\PortfolioTracker\style\DashBoardCss.css" />
    <TemplateFile Location="Layouts\PortfolioTracker\style\reset.css" />
    <TemplateFile Location="Layouts\PortfolioTracker\style\style.css" />
  </TemplateFiles>
  <FeatureManifests>
    <FeatureManifest Location="PortfolioTracker_Feature1\Feature.xml" />
  </FeatureManifests>
</Solution>
