﻿<?xml version="1.0" encoding="utf-8"?>
<Solution xmlns="http://schemas.microsoft.com/sharepoint/" SolutionId="92e3a454-bece-42f3-b3b8-4cb64d93eb4f" SharePointProductVersion="15.0">
  <Assemblies>
    <Assembly Location="SharePointProject.dll" DeploymentTarget="GlobalAssemblyCache">
      <SafeControls>
        <SafeControl Assembly="SharePointProject, Version=1.0.0.0, Culture=neutral, PublicKeyToken=2c13381b29f53305" Namespace="SharePointProject.StateList" TypeName="*" />
      </SafeControls>
    </Assembly>
  </Assemblies>
  <TemplateFiles>
    <TemplateFile Location="CONTROLTEMPLATES\SharePointProject\StateList\StateListUserControl.ascx" />
  </TemplateFiles>
  <FeatureManifests>
    <FeatureManifest Location="SharePointProject_Feature1\Feature.xml" />
  </FeatureManifests>
</Solution>
